seqName,insertions,aaInsertions
"MG642074","3177:A;15088:ATCCCC;15145:ATTTTTT",""
"MG642058","2322:AAAAT;3177:A;15088:ATTCCC",""
"MG642028","2322:AAAAT;3177:A;15088:ATTCCC",""
"MG642040","2322:AAAAT;3177:A;15088:ATTCCC",""
"MG642032","2322:AAAAT;3177:A;15088:ATTCCC",""
"OK649668","3179:C;3244:AAAGGG;7621:AC;15088:ATTCCT;15126:A;15153:ATAAA",""
"MG642060","3179:C;3244:AAAGG;4980:TC;7623:AT;7652:AAAAAA;15088:ATTACT;15125:C",""
"MG642024","2322:AAAAT;3177:A;15088:ATTCCC",""
"MG642026","3177:A;15088:ATTCCC",""
"MG642056","3177:A;15088:ATTCCC",""
"MG642063","3177:A;7618:A;15088:ATTCCC",""
"MG642031","3182:AAC;15088:ATTCCC",""
"MG642079","3182:AAC;15088:ATTCCC",""
"MG642081","3177:A;15088:ATTCCC",""
"MG642035","572:AA;3243:A;7618:AA;15088:ATTCCC",""
"MG642071","572:AA;3243:A;7618:AA;15088:ATTCCC",""
"MG642034","15088:ATTCCC",""
"MG642070","3177:A;15088:ATTCCC",""
"MG642041","3183:AC;15088:ATTCCC",""
"MG642077","572:AAA;3243:A;7618:AA;15088:ATTCCC",""
"MG642069","2321:A;3179:C;3244:AAAGG;7623:AT;15087:GACTCC",""
"MG642038","3179:C;3244:AAAGG;7623:AT;15087:GACTCC",""
"MG642075","2321:A;3179:C;3244:AAAGG;7623:AT;15087:GACTCC;15126:A",""
"MG642067","3179:C;3244:AAAGG;7621:AAAC;15087:GATTCC",""
"MG642083","3182:AAC;15088:ATTCCC",""
"MG642030","572:AAA;15088:ATTCCC",""
"MG642048","1708:A;3177:A;15090:TCCCAC",""
"MG642055","3177:A;15090:TCCCAC",""
"OK649676","7618:AA;15090:TCCCAC;15141:TAAAT",""
"MG642033","2321:A;3177:A;3241:AG;4640:A;15088:ATTCCC",""
"MG642050","2321:A;3177:A;3241:AG;4640:AA;15088:ATTCCC",""
"MG642052","7618:AA;15090:TCCCAC;15141:TAAAT",""
"MG642061","7618:AA;15090:TCCCAC;15141:TAAAT",""
"OK649675","",""
"MG642080","2321:A;3177:A;3241:AG;4640:AA;15088:ATTCCC",""
"OK649590","3177:A;3241:AG;15088:ATTCCC",""
"OK649592","2321:A;3177:A;3241:AG;4640:AA;15088:ATTCCC",""
"OK649591","3179:C;7623:AT;15087:GATTCC",""
"OK649589","3179:C;3242:G;7623:AT;15087:GATTCC",""
"OK649593","3179:C;7623:AT;15087:GATTCC",""
"OK649594","3179:C;7623:AT;15087:GATTCC",""
"OK649657","3177:A;3241:AG;15088:ATTCCC",""
"OK649659","3177:A;15088:ATTCCC",""
"OK649658","7536:AA;15088:ATTCCC",""
"OK649670","3179:C;3242:G;7623:AT;15087:GATTCC",""
"OK649673","3179:C;7623:AT;15087:GATTCC",""
"OK649672","3177:A;3241:AG;15088:ATTCCC",""
"OK649671","3177:A;15090:TCCCAC",""
"OK649674","4616:A;7618:AA;15090:TCCCAC;15141:TAAAT",""
"OK649678","15088:ATTCCC",""
"OK649677","3177:A;15088:AATTCCC",""
"OK649679","572:AAA;3208:T;15145:ATTTTTT",""
"OK649663","",""
"OK649665","3241:AG;15145:ATTTTT",""
"OK649664","3241:AG;15145:ATTTTT",""
"OK649666","3241:AG;15145:ATTTTT",""
"OK649667","",""
"OK649595","3177:A;15088:AATTCCC",""
"OK649601","3241:AG",""
"OK649602","3241:AAG",""
"OK649607","3241:AG",""
"OK649606","3177:A;15088:AATTCCC",""
"OK649620","3241:AG",""
"OK649608","3177:A;15088:AATTCCC;15145:ATTTT",""
"OK649632","3241:AG",""
"OK649625","572:AA;3177:A;3241:AG;7622:AC;15088:ATTCCC",""
"OK649631","3241:AG",""
"OK649636","3241:AG",""
"OK649635","3177:A;15088:AATTCCC",""
"OK649639","",""
"OK649638","3241:AG",""
"OK649637","3177:A;3242:G;15088:AATTCCC",""
"OK649640","",""
"OK649641","",""
"KY782635","",""
"OK649643","",""
"OK649644","",""
"OK649647","15152:AA",""
"OK649651","",""
"OK649652","",""
"OK649653","3177:A;15088:AATTCCC",""
"OK649654","3242:G",""
"OK649656","3177:A;15088:AATTCCC",""
"OK649655","",""
"OK649660","3241:AG;15145:ATTTTT",""
"OK649661","3241:AG;15145:ATTTTT",""
"MN251607","1138:TTTGAT",""
"MK109774","",""
"MK109777","",""
"MK109763","3235:A",""
"MK109787","",""
"MK109773","",""
"MK109772","",""
"MK109776","",""
"MK109775","",""
"OK649662","3241:AG;15145:ATTTTT",""
"OK649680","",""
"OK649681","",""
"OK649682","",""
"MN531557","",""
"KY982517","",""
"KY982516","",""
"OK649683","",""
"KY967362","2327:G;7653:A",""
"MF001047","3241:AG",""
"MF001052","",""
"MF001049","",""
"MF001051","",""
"MK749913","",""
"KY967364","3177:A;3211:G;15090:TCCCAC",""
"MF001041","3242:G",""
"MK749895","",""
"MF001057","",""
"MK749911","3213:A",""
"MF001056","",""
"MK749893","3213:A",""
"MF001053","",""
"MK749867","3213:A",""
"MK749909","",""
"MK749886","3213:A",""
"MK749890","3213:A",""
"MK749917","3213:A",""
"MK749884","",""
"MH279547","2327:AG;3177:A",""
"MH290724","",""
"LR699737","",""
"OM256489","",""
"OM256490","",""
"OM256491","",""
"MN306017","3177:A",""
"OM256488","",""
"MN306029","3177:A",""
"MN310477","10256:GTC",""
"OM256492","",""
"MN306045","3177:A",""
"LR699736","2327:G",""
"MT422269","3177:CCA",""
"LR699315","",""
"LR699734","",""
"MN306048","3177:A",""
"MN306054","2326:G",""
"MN306050","",""
"MT422273","3177:A",""
"MT422270","3177:CCA",""
"MT422272","3177:A",""
"MT422271","3177:A",""
"OM857159","",""
"OM857160","",""
"OM857220","2326:G",""
"OM857348","",""
"OM857303","2326:G",""
"OM857300","2326:G",""
"OM857321","2326:G",""
"OM857258","2326:G",""
"OM857340","2326:G",""
"OM857274","2326:G",""
"OM857352","2326:G",""
"OM857277","2326:G",""
"OM857360","2326:G",""
"OM857190","",""
"OM857194","0:T",""
"OM857353","2326:G",""
"OM857149","",""
"OM857196","",""
"OM857188","",""
"OM857189","",""
